ElectroMechanicalDevicesDomain->ElectricalDrivesDomain
ElectroMechanicalDevicesDomain->RelaysDomain
ElectronicsDomain->PowerElectronicsDomain
Oval->Circle
Polygon->Quadrilateral
Polygon->Triangle
TwoDimensionalAngle->AcuteAngle
TwoDimensionalAngle->ObliqueAngle
TwoDimensionalAngle->RightAngle
ClosedTwoDimensionalFigure->CircleSector
ClosedTwoDimensionalFigure->Oval
ClosedTwoDimensionalFigure->Polygon
OpenTwoDimensionalFigure->TwoDimensionalAngle
CommissionedOfficerRank->CompanyGradeRank
CommissionedOfficerRank->FieldGradeOfficerRank
CommissionedOfficerRank->FlagOfficerRank
CommissionedOfficerRank->USWarrantOfficerRank
EnlistedSoldierRank->NonCommissionedOfficerRank
EnlistedSoldierRank->PrivateRank
Day->ChristmasDay
Day->Friday
Day->Monday
Day->Saturday
Day->Sunday
Day->Thursday
Day->Tuesday
Day->Wednesday
DayTime->Afternoon
DayTime->Morning
Holiday->ChristianHoliday
Holiday->EidAlFitr
Holiday->FixedHoliday
Holiday->JewishHoliday
Holiday->MoveableHoliday
Holiday->USHoliday
Month->April
Month->August
Month->December
Month->February
Month->January
Month->July
Month->June
Month->March
Month->May
Month->November
Month->October
Month->September
SeasonOfYear->FallSeason
SeasonOfYear->SpringSeason
SeasonOfYear->SummerSeason
SeasonOfYear->WinterSeason
Year->LeapYear
AlphaIDString->Alpha2IDString
AlphaIDString->Alpha3IDString
AgentID->CustomerID
AgentID->PersonID
AgentID->UserID
StandardProductID->ISBN
StandardProductID->ISMN
StandardProductID->ISRC
StandardProductID->UPC
IsoCode->IsoLanguageCode
IsoCode->TerritoryCode
DistrictID->UsStateCode
PostalAddressText->UkPostalAddressText
PostalAddressText->UsPostalAddressText
TerritoryID->CountryID
TerritoryID->TerritoryCode
VirtualAddress->FilePath
VirtualAddress->InternetAddress
VirtualAddress->TelecomNumber
Zipcode->Zipcode5Digit
Zipcode->Zipcode9Digit
AccountID->BankAccountNumber
CreditCard->AmericanExpressCard
CreditCard->DiscoverCard
CreditCard->MasterCard
CreditCard->VisaCard
CorporateBond->JunkBond
CorporateBond->MortgageBond
CurrencyBill->UnitedStatesDollarBill
CurrencyCoin->AfghanAfghaniCoin
CurrencyCoin->BritishPoundCoin
CurrencyCoin->CanadianDollarCoin
CurrencyCoin->EuroCentCoin
CurrencyCoin->EuroDollarCoin
CurrencyCoin->FrenchFrancCoin
CurrencyCoin->GermanMarkCoin
CurrencyCoin->ItalianLireCoin
CurrencyCoin->JapaneseYenCoin
CurrencyCoin->TajikSomoniCoin
CurrencyCoin->UnitedStatesCentCoin
CurrencyCoin->UnitedStatesFiveCentCoin
CurrencyCoin->UnitedStatesQuarterCoin
CurrencyCoin->UnitedStatesTenCentCoin
InternationalDispute->MaritimeBoundaryDispute
InternationalDispute->TerritorialDispute
BerberLanguage->EasternBerberLanguage
BerberLanguage->GuanacheGroupLanguage
BerberLanguage->TamasheqGroupLanguage
BerberLanguage->ZenagaGroupLanguage
NorthernAfroAsiaticLanguage->AtlasLanguage
NorthernAfroAsiaticLanguage->KabyleGroupLanguage
NorthernAfroAsiaticLanguage->ZenatiLanguage
SemiticLanguage->SouthSemiticLanguage
SemiticLanguage->WestSemiticLanguage
TurkicLanguage->EasternTurkicLanguage
TurkicLanguage->SouthernTurkicLanguage
GreatAndamaneseLanguage->CentralGreatAndamaneseLanguage
GreatAndamaneseLanguage->NorthernGreatAndamaneseLanguage
PamaNyunganLanguage->PamanLanguage
NorthernCaddoanLanguage->PawneeKitsaiLanguage
NorthernCaddoanLanguage->WitchitaGroupLanguage
NorthernChukotkoKamchatkanLanguage->ChukotGroupLanguage
NorthernChukotkoKamchatkanLanguage->KoryakAlyutorLanguage
EnglishBasedCreoleLanguage->AtlanticEnglishBasedCreoleLanguage
EnglishBasedCreoleLanguage->PacificEnglishBasedCreoleLanguage
AlbanianLanguage->GhegGroupAlbanianLanguage
AlbanianLanguage->ToskGroupAlbanianLanguage
BalticLanguage->EasternBalticLanguage
BalticLanguage->WesternBalticLanguage
CelticLanguage->InsularCelticLanguage
GermanicLanguage->EastGermanicLanguage
GermanicLanguage->NorthGermanicLanguage
GermanicLanguage->WestGermanicLanguage
GreekGroupLanguage->AtticGreekLanguage
GreekGroupLanguage->DoricGreekLanguage
IndoIranianLanguage->IndoAryanLanguage
IndoIranianLanguage->IranianLanguage
ItalicLanguage->LatinoFaliscanLanguage
ItalicLanguage->RomanceLanguage
SlavicLanguage->EastSlavicLanguage
SlavicLanguage->SouthSlavicLanguage
SlavicLanguage->WestSlavicLanguage
NorthernIroquoianLanguage->FiveNationsLanguage
NorthernIroquoianLanguage->HuronLanguage
NorthernIroquoianLanguage->LaurentianLanguage
NorthernIroquoianLanguage->TuscaroraNottowayLanguage
RyukyuanLanguage->AmamiOkinawanLanguage
RyukyuanLanguage->SakishimaLanguage
EasternSudanicLanguage->WestEasternSudanicLanguage
EnglishBasedPidginLanguage->AtlanticEnglishBasedPidginLanguage
EnglishBasedPidginLanguage->PacificEnglishBasedPidginLanguage
RomanceBasedPidginLanguage->FrenchBasedPidginLanguage
SiouanProperLanguage->CentralSiouanLanguage
SiouanProperLanguage->MissouriValleyLanguage
SiouanProperLanguage->SoutheasternSiouanLanguage
AraonaTacanaLanguage->AraonaGroupLanguage
CavinenaTacanaLanguage->CavinenaGroupLanguage
CavinenaTacanaLanguage->TacanaProperLanguage
MainSectionTransNewGuineaLanguage->CentralAndWesternMainSectionTransNewGuineaLanguage
BirdsHeadLanguage->NorthCentralBirdsHeadLanguage
BirdsHeadLanguage->WestBirdsHeadLanguage
NorthHalmaheraLanguage->NorthernNorthHalmaheraLanguage
NorthHalmaheraLanguage->SouthernNorthHalmaheraLanguage
WitotoGroupLanguage->OcainaGroupLanguage
WitotoGroupLanguage->WitotoProperLanguage
Publisher->BookPublisher
Publisher->PeriodicalPublisher
Publisher->RecordingCompany
RetailStore->BookSeller
RetailStore->DrugStore
RetailStore->GroceryStore
Church->Adventistsamfundet
Church->AnglicanApostolicEpiscopalFreeChurch
Church->AnglicanChurch
Church->BaptistChurch
Church->CharismaticChurch
Church->ChristianUnion
Church->CrusadersUnion
Church->EcumenicalProject
Church->EvangelicalChurch
Church->FreeChurchOfEngland
Church->FreeChurchOfScotland
Church->Katolskakyrkan
Church->LocalChurch
Church->LutheranChurch
Church->MethodistChurch
Church->Missionskyrkan
Church->MissionssaellskapetBibeltrognaVaenner
Church->Ovrigt
Church->Pingstroerelsen
Church->PresbyterianChurch
Church->ScottishEpiscopalChurch
Church->SeventhDayAdventistChurch
Church->ShaftesburySociety
Church->SvenskaAlliansmissionen
Church->SvenskaKyrkan
Church->Trosroerelsen
Church->UnionOfWelshIndependents
Church->YWAM_BYFC
PostSecondarySchool->College
PostSecondarySchool->GraduateSchool
PostSecondarySchool->JuniorCollege
PostSecondarySchool->University
MilitaryService->AirForce
MilitaryService->Army
MilitaryUnit->AssaultAmphibianUnit
MilitaryUnit->Battalion
MilitaryUnit->Brigade
MilitaryUnit->CavalryUnit
MilitaryUnit->Company-Military
MilitaryUnit->InfantryUnit
MilitaryUnit->LARUnit
MilitaryUnit->MilitaryCorps
MilitaryUnit->MilitarySquad
MilitaryUnit->PeacekeepingUnit
MilitaryUnit->Platoon
MilitaryOrganization->AirForce-BranchOfService
MilitaryOrganization->ExternalAgency
MilitaryOrganization->JointForces
MilitaryOrganization->Marines-BranchOfService
MilitaryOrganization->MilitaryReserveForce
MilitaryOrganization->MilitaryService
MilitaryOrganization->MilitaryUnit
MilitaryOrganization->NavalAirForce-BranchOfService
MilitaryOrganization->Navy-BranchOfService
MilitaryOrganization->PeaceKeepingMission
MilitaryOrganization->SpecialOperationsForces
BaptistChurch->BaptistUnionOfGB
BaptistChurch->BaptistUnionOfIreland
BaptistChurch->BaptistUnionOfScotland
BaptistChurch->BaptistUnionOfWales
BaptistChurch->Baptistsamfundet
BaptistChurch->DetNorskeBaptistsamfunn
BaptistChurch->GospelStandardStrictBaptistChurch
BaptistChurch->GraceBaptistAssembly
BaptistChurch->OldBaptistUnionChurch
CharismaticChurch->ApostolicChurch
CharismaticChurch->ApostoliskChurch
CharismaticChurch->AssembliesOfGod
CharismaticChurch->ChurchOfGodOfProphecy
CharismaticChurch->ChurchOfTheNazarene
CharismaticChurch->CommunityChurch
CharismaticChurch->ElimPentecostalChurch
CharismaticChurch->FGBMFI
CharismaticChurch->FellowshipOfChurchesOfChrist
CharismaticChurch->HouseChurch
CharismaticChurch->JesusFellowship
CharismaticChurch->NewApostolicChurch
CharismaticChurch->NewFrontiersInternationalChurch
CharismaticChurch->NewTestamentChurchOfGod
CharismaticChurch->PentecostalChurch
CharismaticChurch->Pinsebevegelsen
CharismaticChurch->Pinsemenighet
CharismaticChurch->RedeemedChristianChurchOfGod
CharismaticChurch->VineyardChurch
EvangelicalChurch->CYFA
EvangelicalChurch->ChristianBrethren
EvangelicalChurch->CityMissions
EvangelicalChurch->CountessOfHuntingdonsConnexion
EvangelicalChurch->CovenantChurch
EvangelicalChurch->DeFrieEvangeliskeForsamlinger
EvangelicalChurch->DenEvangeliskLutherskeFrikirke
EvangelicalChurch->EvangelicalFellowshipOfCongregationalChurches
EvangelicalChurch->EvangelicalPresbyterianChurchOfIreland
EvangelicalChurch->Evangeliska-Frikyrkan
EvangelicalChurch->EvangeliskaFosterlandsStiftelsen
EvangelicalChurch->FellowshipOfIndependentEvangelicalChurches
EvangelicalChurch->Fraelsningsarmen
EvangelicalChurch->FreeEvangelicalChurch
EvangelicalChurch->Frelsesarmeen
EvangelicalChurch->Indremisjonen
EvangelicalChurch->MoravianChurch
EvangelicalChurch->Normisjon
EvangelicalChurch->NorskLutherskMisjonssamband
EvangelicalChurch->PlymouthBrethrenAssembly
EvangelicalChurch->SaltAndLightChurch
EvangelicalChurch->SalvationArmyMission
EvangelicalChurch->ScriptureUnion
EvangelicalChurch->SvenskaAlliansmissionenProtestantFreeChurch
EvangelicalChurch->UnionOfEvangelicalChurches
EvangelicalChurch->WomensAglowGroup
LocalChurch->CollegeChapel
LocalChurch->CommunityChurch
LocalChurch->HospitalChapel
LocalChurch->HouseChurch
LocalChurch->IndependentChurch
LocalChurch->LocalChurchOfLatterDaySaints
LocalChurch->LocalRomanCatholicChurch
LocalChurch->MilitaryChapel
LocalChurch->PrisonChapel
MethodistChurch->FreeMethodistChurch
MethodistChurch->IndependentMethodistChurch
MethodistChurch->MethodistChurchInGB
MethodistChurch->MethodistChurchInIreland
MethodistChurch->MetodistkirkenNorge
MethodistChurch->Metodistsamfundet
MethodistChurch->WesleyanReformUnion
PresbyterianChurch->AssociatedPresbyterianChurch
PresbyterianChurch->CongregationalFederation
PresbyterianChurch->CongregationalUnionOfIreland
PresbyterianChurch->CongregationalUnionOfScotland
PresbyterianChurch->DutchReformedChurch
PresbyterianChurch->FreePresbyterianChurchOfScotland
PresbyterianChurch->PresbyterianChurchOfIreland
PresbyterianChurch->PresbyterianChurchOfScotland
PresbyterianChurch->PresbyterianChurchOfWales
PresbyterianChurch->ReformedPrebyterianChurchOfScotland
PresbyterianChurch->UnitedFreeChurchOfScotland
PresbyterianChurch->UnitedReformedChurch
Cattle->GuernseyCattle
Cattle->SenepolCattle
Poultry->Chicken
Poultry->Duck
Poultry->Goose
Poultry->TurkeyBird
Sheep->Lamb
Insect->AntInsect
Insect->Bee
Insect->FlyInsect
Insect->Grasshopper
Insect->Moth
Insect->QueenInsect
Insect->WorkerInsect
Fish->OrnamentalFish
Amphibian->Toad
Reptile->Snake
Reptile->Turtle
Bird->Owl
Bird->Pigeon
Bird->Poultry
Bird->Vulture
Mammal->AquaticMammal
Mammal->Camel
Mammal->Carnivore
Mammal->Herbivore
Mammal->HoofedMammal
Mammal->Marsupial
Mammal->Primate
Mammal->Rodent
RickettsialAgent->CoxiellaBurnetii
RickettsialAgent->RickettsiaProwazekii
RickettsialAgent->RickettsiaRickettsii
Poxviridae->Chordopoxvirinae
HepatitisVirus->HepatitisAVirus
HepatitisVirus->HepatitisBVirus
HepatitisVirus->HepatitisCVirus
BotanicalTree->PineTree
BotanicalTree->WillowTree
FloweringPlant->BotanicalTree
FloweringPlant->Chrysanthemum
FloweringPlant->FloweringPlant
FloweringPlant->Grass
FloweringPlant->Lilac
FloweringPlant->Orchid
FloweringPlant->Poppy
FloweringPlant->Shrub
FloweringPlant->Tobacco
Grass->CerealGrass
Poppy->OpiumPoppy
CerealGrass->PaddyRice
CerealGrass->Sorghum
HumanChild->Boy
HumanChild->Girl
HumanChild->HumanBaby
Manufacturer->Publisher
MercantileOrganization->RetailStore
MercantileOrganization->ShoppingMall
MercantileOrganization->WholesaleStore
Library->PublicLibrary
School->ArtSchool
School->DaySchool
School->HighSchool
School->PostSecondarySchool
School->PrivateSchool
School->PublicSchool
School->SecondarySchool
School->VocationalSchool
DiplomaticOrganization->Consulate
DiplomaticOrganization->ConsulateGeneral
DiplomaticOrganization->Embassy
Government->CityGovernment
Government->FederalHousingAdministration
Government->NationalGovernment
Government->StateGovernment
MilitaryForce->AmphibiousReconnaissanceUnit
MilitaryForce->CivilAffairs
MilitaryForce->MilitaryOrganization
MilitaryForce->ParamilitaryOrganization
PoliticalParty->CommunistParty
PoliticalParty->PoliticalCoalition
TerroristOrganization->ForeignTerroristOrganization
OpticalDisc->CompactDisc
OpticalDisc->DVD
OpticalDisc->Minidisc
CompactDisc->CDROM
VideoCassette->VHSCassette
SinglePhaseRectifier->BridgeSinglePhaseRectifier
SinglePhaseRectifier->DoublerSinglePhaseRectifier
SinglePhaseRectifier->HalfWaveSinglePhaseRectifier
Diode->LED
Diode->ZenerDiode
Transistor->BjtTransistor
Transistor->FetTransistor
RadioStation->AMRadioStation
RadioStation->FMRadioStation
RadioStation->ShortwaveRadioStation
HardcopyDocument->PrintedBook
PrintedSheet->Poster
PrintedSheet->Transparency
Telephone->FixedPhone
Telephone->MobileCellPhone
DirectionalControlValve->SpoolValve
PressureControlValve->ReliefValve
ElectricalMotor->DcMotor
ElectricalMotor->InductionMotor
AAM->AIM9
AGM->AGM114
AGM->AGM65
BeamRidingGMissile->AGM114
InfraRedGMissile->AGM65
InfraRedGMissile->AIM9
APC->LAV
MilitaryAircraft->Bomber
MilitaryAircraft->Fighter
MilitarySupportVehicle->MilitaryFoodTruck
MilitarySupportVehicle->MilitarySupplyTruck
Cycle->Bicycle
Airplane->JetAirplane
Airplane->PropellerJet
Airplane->PropellerPlane
Airplane->VSTOL
Helicopter->AH1
Helicopter->CH46D
Helicopter->CH53E
Rocket->RPG
Truck->LightTruck
Truck->MilitarySupplyTruck
Truck->TruckTractor
AmphibiousVehicle->AAV
AmphibiousVehicle->LAV25
AmphibiousVehicle->LCAC
RailVehicle->RollingStock
RailVehicle->Train
RoadVehicle->EmergencyRoadVehicle
RoadVehicle->MilitaryTank
RoadVehicle->MotorScooter
RoadVehicle->Motorcycle
RoadVehicle->SelfPoweredRoadVehicle
RoadVehicle->TractorTrailer
RoadVehicle->Trailer
Wagon->StageCoach
Wagon->TruckTrailer
Automobile->Taxicab
PassengerRailcar->BusinessRailcar
PassengerRailcar->CrewDormCar
PassengerRailcar->GalleryCar
PassengerRailcar->MotorRailcar
ElectrifiedRailwayCar->Streetcar
EmergencyRoadVehicle->Ambulance
EmergencyRoadVehicle->FireEngine
EmergencyVehicle->EmergencyRoadVehicle
SelfPoweredRoadVehicle->Automobile
SelfPoweredRoadVehicle->Bus
SelfPoweredRoadVehicle->Motorcycle
SelfPoweredRoadVehicle->Truck
DisplacementHullWaterVehicle->Ship
FishingShip->FishCarrierShip
FishingShip->FishFactoryShip
FishingShip->FishingVessel
FishingShip->Trawler
MilitaryWaterVehicle->MilitaryShip
MultihullWaterVehicle->Catamaran
TugBoat->PusherTug
AntiTankMissile->BGM71TOW
GatlingGun->GAU12U
GatlingGun->M197GatlingGun
HeavyMachineGun->ChainGun
HeavyMachineGun->GrenadeLauncher
HeavyMachineGun->M2Browning
HeavyMachineGun->M3M
HeavyMachineGun->XM218
Pistol->RevolverGun
AirAttackMissile->AAM
AirLaunchMissile->AAM
AirLaunchMissile->AGM
GroundAttackMissile->AGM
GuidedMissile->AAM
GuidedMissile->BeamRidingGMissile
GuidedMissile->InfraRedGMissile
ArtilleryGun->ArtilleryCannon
ArtilleryGun->MilitaryTank
ArtilleryGun->MortarGun
AutomaticGun->GatlingGun
AutomaticGun->HeavyMachineGun
AutomaticGun->M240
AutomaticGun->M60
Firearm->Pistol
Firearm->Rifle
NuclearWeapon->AbsoluteDud
FishRoe->Caviar
Seafood->FoodFish
Seafood->Shellfish
LAN->BusNetwork
LAN->RingNetwork
LAN->StarNetwork
OperatingSystem->BerkeleySoftwareDistribution
OperatingSystem->MacOS
OperatingSystem->MicrosoftWindows
OperatingSystem->Solaris
OperatingSystem->SymbianOS
Seat->AuditoriumSeat
Seat->Chair
Seat->Sofa
Table->Desk
LeadMetal->LeadProduct
MilitaryPlatform->MilitaryVehicle
Vehicle->AgentPoweredVehicle
Vehicle->Aircraft
Vehicle->ArmoredVehicle
Vehicle->CargoVehicle
Vehicle->LandVehicle
Vehicle->MilitaryVehicle
Vehicle->PassengerVehicle
Vehicle->PoweredVehicle
Vehicle->Spacecraft
Vehicle->UnpoweredVehicle
Vehicle->WaterVehicle
Coal->BrownCoal
PetroleumLubricant->MotorOil
SingleFamilyResidence->ApartmentUnit
SingleFamilyResidence->CondominiumUnit
SingleFamilyResidence->House
MovableBridge->Drawbridge
MovableBridge->PontoonBridge
SurfacedRoadway->Expressway
CoralReef->Atoll
CommercialBuilding->Warehouse
GovernmentBuilding->EmbassyBuilding
ResidentialBuilding->ApartmentBuilding
ResidentialBuilding->CondominiumBuilding
ResidentialBuilding->Dormitory
ResidentialBuilding->House
TerminalBuilding->TrainStation
PlaceOfCommerce->CommercialBuilding
PlaceOfCommerce->CommercialUnit
Residence->PermanentResidence
Residence->ResidentialBuilding
Residence->TemporaryResidence
PermanentResidence->ExecutiveResidence
PermanentResidence->SingleFamilyResidence
TemporaryResidence->Dormitory
TemporaryResidence->HospitalBuilding
TemporaryResidence->Hotel
AudioFile->AudioVisualFile
ImageFile->AudioVisualFile
ImageFile->DOCFile
ImageFile->DigitalSignature
ImageFile->EBookFile
ImageFile->JPGFile
ImageFile->PDFFile
MultimediaFile->AudioVisualFile
MultimediaFile->MUSFile
Identifier->EmployeeNumber
Identifier->FormalIdentifier
Identifier->PartyID
Identifier->ProductID
Identifier->ProprietaryIdentifier
Identifier->StandardIdentifier
PlaceID->LocalizablePlaceID
PlaceID->PlaceAddress
PlaceID->Postcode
PlaceID->VirtualPlaceID
ReferenceBook->Dictionary
ReferenceBook->JOPESManual
ReferenceBook->TPFDDFile
Report->FinancialText
Alpha2String->Alpha2IDString
Alpha3String->Alpha3IDString
AlphabeticCharacter->Consonant
AlphabeticCharacter->Vowel
Postcode->UkPostcode
Postcode->Zipcode
FinancialInstrument->BankCard
FinancialInstrument->Bond
FinancialInstrument->Cash
FinancialInstrument->Check
FinancialInstrument->Currency
FinancialInstrument->Note
FinancialInstrument->Security
FinancialInstrument->Stock
FinancialInstrument->Title
License->DriversLicense
License->Passport
JointDoctrine->Capstone
JointDoctrine->Keystone
HistoricalAccount->Biography
DramaticPlay->Opera
AboveTheLine->Capstone
AboveTheLine->Keystone
BroadcastProgram->NewsProgram
Periodical->Magazine
Periodical->Newspaper
BloodCell->RedBloodCell
BloodCell->WhiteBloodCell
BloodVessel->Artery
BloodVessel->Capillary
BloodVessel->Vein
DigitAppendage->Finger
DigitAppendage->Toe
Egg->BirdEgg
Hair->FacialHair
Limb->Wing
Limb->Arm
Limb->Leg
Skin->Eyelid
BodyCavity->BodyVessel
BodyCovering->AnimalSkin
BodyCovering->PlasmaMembrane
BodyCovering->Skin
BodyJunction->BodyJoint
Cell->BloodCell
Cell->EukaryoticCell
Cell->NerveCell
Cell->ProkaryoticCell
CellPart->CellInternalMembraneGroup
CellPart->CellMembrane
CellPart->CellNucleus
CellPart->Chromotin
CellPart->Cytoplasm
CellPart->Cytoskeleton
CellPart->Endomembrane
CellPart->HydrophilicSide
CellPart->HydrophobicSide
CellPart->LipidBilayer
CellPart->ProteinSynthesisTool
Organ->Brain
Organ->Breast
Organ->Ear
Organ->Eye
Organ->Flower
Organ->Gland
Organ->Heart
Organ->Kidney
Organ->Liver
Organ->Lung
Organ->NervousSystem
Organ->Nose
Organ->PlantLeaf
Organ->PlantRoot
Organ->Retina
Organ->SpinalColumn
Organ->SpinalCord
Organ->Spleen
Organ->Stomach
Organ->VocalCords
PlantBranch->TreeBranch
ReproductiveBody->Egg
ReproductiveBody->FruitOrVegetable
ReproductiveBody->Nut
ReproductiveBody->Pollen
ReproductiveBody->Seed
ReproductiveBody->Spore
VirusPart->Palisade
VirusPart->ViralCore
VirusPart->VirusCoreEnvelope
VirusPart->VirusOuterMembrane
FruitOrVegetable->Apple
FruitOrVegetable->Avocado
FruitOrVegetable->Cocoa
FruitOrVegetable->CocoaBean
FruitOrVegetable->Coconut
FruitOrVegetable->CoffeeBean
FruitOrVegetable->DateFruit
FruitOrVegetable->EdibleNut
FruitOrVegetable->Fruit
FruitOrVegetable->GroceryProduce
FruitOrVegetable->Groundnut
FruitOrVegetable->LemonFruit
FruitOrVegetable->OrangeFruit
FruitOrVegetable->PearFruit
FruitOrVegetable->RootStarch
FruitOrVegetable->RootVegetable
FruitOrVegetable->Seed
FruitOrVegetable->Spice
FruitOrVegetable->TeaPlantAerialPart
FruitOrVegetable->Vegetable
Seed->CerealGrain
Seed->KentiaPalmSeed
Seed->NorfolkIslandPineSeed
Seed->Oilseed
Seed->Pea
Seed->SunflowerSeed
DomesticAnimal->Cow
DomesticAnimal->DomesticCat
DomesticAnimal->DomesticDog
DomesticAnimal->Livestock
DomesticAnimal->Mule
DomesticAnimal->Sheep
Invertebrate->Arthropod
Invertebrate->Coral
Invertebrate->Mollusk
Invertebrate->Worm
Vertebrate->ColdBloodedVertebrate
Vertebrate->WarmBloodedVertebrate
FungalAgent->CoccidiodesPosadasii
FungalAgent->CoccidioidesImmitis
Bacterium->BacterialAgent
MalarialPlasmodium->PlasmodiumFalciparum
Virus->DNAVirus
Virus->EnvelopedVirus
Virus->RNAVirus
Virus->TickBorneEncephalitisVirus
Virus->UnenvelopedVirus
Virus->ViralAgent
Virus->VirusDoubleStranded
Virus->VirusSingleStranded
NonFloweringPlant->Alga
NonFloweringPlant->Fern
NonFloweringPlant->Lichen
NonFloweringPlant->Moss
BacterialAgent->BacillusAnthracis
BacterialAgent->BacillusCereus
BacterialAgent->BordetellaPertussis
BacterialAgent->BrucellaBacterium
BacterialAgent->BurkholderiaMallei
BacterialAgent->BurkholderiaPseudomallei
BacterialAgent->ChlamydiaPsittaci
BacterialAgent->ClostridiumBotulinum
BacterialAgent->ClostridiumPerfringens
BacterialAgent->ClostridiumTetani
BacterialAgent->CorynebacteriumDiphtheriae
BacterialAgent->EscherichiaColi0157H7
BacterialAgent->FrancisellaTularensis
BacterialAgent->GiardiaLamblia
BacterialAgent->Legionella
BacterialAgent->MycobacteriumTuberculosis
BacterialAgent->NeisseriaGonorrhoeae
BacterialAgent->RickettsialAgent
BacterialAgent->SalmonellaPartyphi
BacterialAgent->SalmonellaTyphi
BacterialAgent->SalmonellaTyphimurium
BacterialAgent->SerratiaMarcenscens
BacterialAgent->ShigellaDysenteriae
BacterialAgent->StaphyylococcusAureus
BacterialAgent->StreptococcusA
BacterialAgent->VibrioCholera
BacterialAgent->YersiniaPestis
BacterialAgent->YersiniaPseudotuberculosis
ViralAgent->CrimeanCongoHemorrhagicFeverVirus
ViralAgent->DengueFeverVirus
ViralAgent->EasternEquineEncephalitisVirus
ViralAgent->EbolaVirus
ViralAgent->FlexalVirus
ViralAgent->FootAndMouthVirus
ViralAgent->GuanaritoVirus
ViralAgent->HIVVirus
ViralAgent->HendraVirus
ViralAgent->HepatitisVirus
ViralAgent->HerpesBVirus
ViralAgent->JapaneseEncephalitisVirus
ViralAgent->JuninVirus
ViralAgent->LaCrosseVirus
ViralAgent->LassaVirus
ViralAgent->MachupoVirus
ViralAgent->MarburgVirus
ViralAgent->Mixomatosis
ViralAgent->MonkeypoxVirus
ViralAgent->NipahVirus
ViralAgent->Rotavirus
ViralAgent->SabiaVirus
ViralAgent->SaintLouisEncephalitisVirus
ViralAgent->VariolaMajor
ViralAgent->VariolaMinor
ViralAgent->VenezuelanEquineEncephalitisVirus
ViralAgent->WestNileVirus
ViralAgent->YellowFeverVirus
GroceryProduce->GroceryProduce
GroceryProduce->MaizeGrain
GroceryProduce->PotatoTuber
Bean->Soybean
Pulse->Lentil
CerealGrain->BarleyGrain
CerealGrain->MaizeGrain
CerealGrain->MilletGrain
CerealGrain->OatGrain
CerealGrain->RiceGrain
CerealGrain->RyeGrain
CerealGrain->SorghumGrain
CerealGrain->WheatGrain
EdibleTuber->Groundnut
EdibleTuber->PotatoTuber
EdibleTuber->SweetPotatoTuber
EdibleTuber->TaroTuber
EdibleTuber->YamTuber
Legume->Bean
Legume->CowPea
Legume->Pea
Legume->Pulse
Nut->PalmOilNut
PerfumeEssence->YlangYlang
PlantAgriculturalProduct->Aloes
PlantAgriculturalProduct->Cannabis
PlantAgriculturalProduct->CerealGrain
PlantAgriculturalProduct->Coca
PlantAgriculturalProduct->Cocaine
PlantAgriculturalProduct->Cocoa
PlantAgriculturalProduct->CocoaBean
PlantAgriculturalProduct->CoffeeBean
PlantAgriculturalProduct->Copra
PlantAgriculturalProduct->Cotton
PlantAgriculturalProduct->CutFlower
PlantAgriculturalProduct->EdibleTuber
PlantAgriculturalProduct->FlaxFiber
PlantAgriculturalProduct->GroceryProduce
PlantAgriculturalProduct->GumArabic
PlantAgriculturalProduct->HempFiber
PlantAgriculturalProduct->JuteFiber
PlantAgriculturalProduct->KentiaPalmSeed
PlantAgriculturalProduct->Khat
PlantAgriculturalProduct->Legume
PlantAgriculturalProduct->NaturalRubber
PlantAgriculturalProduct->NorfolkIslandPineSeed
PlantAgriculturalProduct->Nut
PlantAgriculturalProduct->Oilseed
PlantAgriculturalProduct->Opium
PlantAgriculturalProduct->OpiumPoppy
PlantAgriculturalProduct->Orchid
PlantAgriculturalProduct->PalmKernel
PlantAgriculturalProduct->PalmOilNut
PlantAgriculturalProduct->PerfumeEssence
PlantAgriculturalProduct->PlantAgriculturalProduct
PlantAgriculturalProduct->Pyrethrum
PlantAgriculturalProduct->Quinine
PlantAgriculturalProduct->RootStarch
PlantAgriculturalProduct->RootVegetable
PlantAgriculturalProduct->Sesame
PlantAgriculturalProduct->SisalFiber
PlantAgriculturalProduct->Soya
PlantAgriculturalProduct->Spice
PlantAgriculturalProduct->Sugar
PlantAgriculturalProduct->Sunflower
PlantAgriculturalProduct->SunflowerSeed
PlantAgriculturalProduct->VegetableOil
PlantAgriculturalProduct->Wine
PlantAgriculturalProduct->WineGrape
RootVegetable->Carrot
RootVegetable->Cassava
RootVegetable->EdibleTuber
RootVegetable->Radish
RootVegetable->Turnip
Spice->BlackPepper
Spice->Cardamom
Spice->Cinnamon
Spice->Clove
Spice->Ginger
Spice->Mace
Spice->Nutmeg
Spice->SpicePepper
Spice->Vanilla
VegetableOil->OliveOil
VegetableOil->PalmOil
AerosolizedBacillusAnthracis->Vollum1B
BiologicalAgent->BiologicalAgent
BiologicalAgent->Toxin
Toxin->AbrinToxin
Toxin->Batrachotoxin
Toxin->BotulinumToxin
Toxin->Conotoxin
Toxin->EpsilonToxin
Toxin->Mycotoxin
Toxin->RicinToxin
Toxin->Saxitoxin
Toxin->ShigaToxin
Toxin->StaphylococcalEnterotoxinB
Toxin->Tetrodotoxin
BlisterAgent->Lewisite
BlisterAgent->MustardGas
BlisterAgent->PhosgeneOxime
BloodAgent->Arsine
BloodAgent->CyanogenChloride
BloodAgent->HydrogenCyanide
ChokingAgent->ChlorineGas
ChokingAgent->Chloropicrin
ChokingAgent->Diphosgene
ChokingAgent->Phosgene
IncapacitatingAgent->BZGas
IncapacitatingAgent->CSGas
NerveAgent->GSeriesNerveAgent
NerveAgent->VSeriesNerveAgent
LifeThreateningAgent->BotulinumToxin
LifeThreateningAgent->LifeThreateningAgent
LifeThreateningAgent->StaphylococcalEnterotoxinB
MustardGas->NitrogenMustardGas
MustardGas->SulphurMustardGas
GSeriesNerveAgent->GF
GSeriesNerveAgent->Sarin
GSeriesNerveAgent->Soman
GSeriesNerveAgent->Tabun
VSeriesNerveAgent->VX
DistilledAlcoholicBeverage->Brandy
DistilledAlcoholicBeverage->Whiskey
Enzyme->DNAPolymerase
Enzyme->InitiatorProtein
Enzyme->RNAProcessingEnzyme
Enzyme->VirionEnzyme
Enzyme->VitF2Protein
AirStream->JetStream
AirStream->WindFlow
WaterCloud->Fog
Oil->PetroleumProduct
Paint->OilPaint
Paint->WatercolorPaint
SalineSolution->TearSubstance
AmphipathicMolecule->LipidMembraneMolecule
Hydrocarbon->Plastic
Hydrocarbon->Rubber
Steroid->Cholesterol
Freshwater->PotableWater
Ice->SeaIce
AuthorizationOfTransaction->EnteringAPin
AuthorizationOfTransaction->ProcessingACheck
AuthorizationOfTransaction->VerifyingCardCode
CounterTerrorism->CTHostageMaterielRecovery
CounterTerrorism->CTIntelligenceOperation
CounterTerrorism->CTNonKineticActivity
CounterTerrorism->CTNwInfraAttack
RecoveryOperation->CTHostageMaterielRecovery
RecoveryOperation->CounterproliferationWMD
RecoveryOperation->UnconventionalAssistedRecovery
OffensiveInformationOperation->CTIntelligenceOperation
AirReconnaissance->AirPhotographicReconnaissance
SpecialReconnaissance->ArmedReconnaissance
SpecialReconnaissance->EnvironmentalReconnaissance
SpecialReconnaissance->PoststrikeReconnaissance
SpecialReconnaissance->TargetThreatReconnaissance
UnconventionalWarfare->Exfiltration
UnconventionalWarfare->GuerrillaWarfare
UnconventionalWarfare->IntelligenceActivities
UnconventionalWarfare->Sabotage
UnconventionalWarfare->Subversion
UnconventionalWarfare->UnconventionalAssistedRecovery
CounterOperation->CounterReconnaissance
CounterOperation->CounterTerrorism
CounterOperation->CounterproliferationWMD
DirectActionActivity->AntiSurfaceOperation
DirectActionActivity->DirectAmbush
DirectActionActivity->DirectAssault
DirectActionActivity->PreciseDestruction
DirectActionActivity->Raid
DirectActionActivity->RecoveryOperation
DirectActionActivity->StandoffAttack
DirectActionActivity->TerminalAttackControl
DirectActionActivity->TerminalGuidance
ForeignInternalDefense->HNMilitaryAssistance
ForeignInternalDefense->PopulationSecurity
InformationOperation->DefensiveInformationOperation
InformationOperation->OffensiveInformationOperation
JointOperation->CivilAffairsOperation
JointOperation->CivilMilitaryOperation
MilitaryAssault->DirectAssault
OperationPlanning->JointOperationPlanning
PsychologicalOperation->CTNonKineticActivity
PsychologicalOperation->DevelopPrograms
PsychologicalOperation->DisseminateProducts
PsychologicalOperation->DistributeProducts
PsychologicalOperation->ProduceStudies
PsychologicalOperation->SupportCI
PsychologicalOperation->SupportDC
PsychologicalOperation->SupportEPW
PsychologicalOperation->SupportHNAssistance
PsychologicalOperation->SupportIO
PsychologicalOperation->TacticalPSYOP
ReconnaissanceOperation->AirReconnaissance
ReconnaissanceOperation->AmphibiousReconnaissance
ReconnaissanceOperation->ContactReconnaissance
ReconnaissanceOperation->ElectronicReconnaissance
ReconnaissanceOperation->Patrol
ReconnaissanceOperation->RadarReconnaissance
ReconnaissanceOperation->ReconnaissanceByFire
ReconnaissanceOperation->ReconnaissanceInForce
ReconnaissanceOperation->SpecialReconnaissance
SpecialOperation->DirectAction
SpecialOperation->SpecialReconnaissance
SpecialOperation->UnconventionalWarfare
Stealing->Robbing
ChargingAFee->Penalty
ChargingAFee->Tax
CommercialService->CommercialShipping
CommercialService->FinancialService
ControllingAnAccount->AuthorizationOfTransaction
ControllingAnAccount->ProcessingACheck
OptionStrategy->SingleOption
OptionStrategy->SpreadOption
OptionStrategy->Straddle
Payment->Dividend
Payment->Prepayment
Rollover->DirectRollover
StockMarketTransaction->Downtick
StockMarketTransaction->Uptick
UsingAnAccount->DepositingACheck
UsingAnAccount->DrawingACheck
Working->Farming
Working->Sales
Working->Serving
Lecture->Proclaiming
Lecture->Sermon
Performance->DramaticPerformance
Performance->MusicalPerformance
Performance->PerformanceAct
ReligiousService->ChristianService
Offering->BargainSale
Offering->OfferingForSale
Offering->OfferingToPurchase
LegalDecision->LegalAquittal
LegalDecision->LegalAward
LegalDecision->LegalConviction
LegalDecision->LegalDismissal
LegalDecision->Sentencing
Ordering->LegalSummons
Ordering->OperationOrder
Requesting->LegalAppeal
Requesting->Praying
Requesting->Reminding
Disagreeing->InternationalDispute
TeamSport->Baseball
TeamSport->Basketball
TeamSport->Football
Eating->Aqiqah
Eating->Iftar
Eating->Overgrazing
Eating->Suhur
Locating->TerminalGuidance
DiagnosticProcess->Biopsy
Deciding->GameCall
Deciding->Resolution
Deciding->Voting
Judging->IntelligenceActivities
BaseballHit->BaseballRun
BaseballHit->BaseballSingle
Score->BaseballRun
Score->FootballTouchdown
Painting->ArtPainting
TropicalCyclone->Hurricane
TropicalCyclone->Typhoon
